AccountName,Name,Subscribers,Views,Likes,Comments,Shares
yossikramer,Yossi,145.6K,26.8M,2.2M,30.1K,71.2K
mrbeast,MrBeast,55.6M,38.1M,3.8M,19K,7.8K
adinross,adin,5.4M,16.6M,2M,10.9K,12.5K
daniel.labelle,Daniel LaBelle,27.9M,11.8M,1.7M,6.9K,29.3K
hotspanishmx,HotSpanish,8.2M,19.2M,1.7M,7.4K,9.5K
nicocaponecomedy,nicocapone.comedy,24.3M,16.9M,952.9K,5.6K,27.3K
juandamc,JuanDa.,19.1M,9.2M,2.2M,11.1K,9.3K
amauryguichon,Amaury Guichon,17.6M,12.4M,2M,5.8K,11.3K
thezachchoi,Zach Choi,8M,14.2M,1.5M,5.4K,13.3K
bdylanhollis,B. Dylan Hollis,9.2M,6.4M,1.3M,6.3K,39.5K
janneksplace,Janneksplace,1.9M,11.6M,1.5M,8.8K,11.4K
twice_tiktok_official,TWICE,18.4M,8M,1.6M,15.9K,10.6K
kyliejenner,Kylie Jenner,49.1M,14.5M,2.5M,5.5K,3.4K
niallhoran,Niall Horan,4.6M,4.1M,1.2M,31.6K,23.7K
txt.bighitent,TOMORROW X TOGETHER,18.5M,4.3M,1.5M,29K,11.2K
khaby.lame,Khabane lame,152M,15M,1.8M,6.5K,3.2K
vibin.wit.tay,Tay,5.1M,4.2M,897.3K,7.7K,39.6K
steve.lacy,steve lacy,1.3M,8.2M,1.4M,12K,2.9K
taylorswift,Taylor Swift,15.3M,6M,843.1K,21.3K,10.6K
iamferv,Fernanda,32.9M,8.6M,1.3M,7.7K,4.5K
poudi,Poudii,145.9K,8.1M,1.2M,4K,9.9K
mikaylahau,Mikaylah,5.4M,7.6M,559.2K,18.4K,12.5K
onwardwanna,Wanna🥊,8.3M,6.7M,1.3M,9.9K,3.1K
adamsheey,Adam Shi,6.7M,7.3M,1.2M,3.4K,9K
lokiandthetesseract,-ʟᴇɴᴀ-,427K,4.6M,1M,5.8K,15.4K
domelipa,domelipa,60.5M,9.1M,1.2M,6K,2.7K
stickyboy69,stickyboy69,9.1M,7.1M,1.2M,7.4K,3.3K
jdiasss_,João Dias,8.1M,6.8M,1.4M,5K,3.4K
dylanmulvaney,Dylan Mulvaney,8.9M,5.3M,874.2K,14.6K,2.4K
jonatan.clay,Jonatan Clay,2.9M,6.7M,1.1M,6.2K,3.6K
pietro_morello,Pietro Morello,3.1M,17.2M,961.3K,2.6K,1.7K
britneyspears,Britney Spears,7.3M,5.9M,317.4K,15.3K,22.2K
charlidamelio,charli d’amelio,148.4M,8.6M,641.9K,9.7K,2.5K
calebdigital,CALEB DIGITAL,613.9K,4.3M,991.3K,6.8K,8.9K
therock,The Rock,63.2M,6.4M,689.8K,10.8K,4.1K
frankielapenna,Frankie LaPenna,5.4M,9M,694.4K,2.1K,6.9K
kimberly.loaiza,Kimberly Loaiza,69.3M,7.7M,868K,6.2K,1.9K
selenagomez,Selena Gomez,44.2M,6.3M,1.1M,4.6K,2.9K
luvadepedreiro,Iran Ferreira (Lai),20.6M,8.5M,1M,3.7K,2.4K
maherzainfanforever,maherzainfanforever,2M,3.2M,409K,5.1K,31.3K
daviddobrik,DAVID DOBRIK,26.3M,7.4M,1.2M,3.2K,2K
morimura,MoriMura🍕,8.9M,6.1M,764.3K,3.3K,6.6K
rubentuestaok,Ruben Tuesta,24.5M,6.9M,815.1K,1.6K,6.6K
mclomaofficiall,mclomaofficial,5.4M,6.8M,1.2M,3.7K,1.7K
lilireinhart,Lili Reinhart,5M,4.8M,920.9K,2.9K,6.4K
dgdxofficial,D.M. Galloway | DGDX Animation,156.3K,5.8M,279.1K,1.7K,21.8K
lexibrookerivera,Lexi Rivera,24.4M,6.3M,993.4K,4.5K,1.6K
ramonvitor,ramonvitor,10.3M,5.6M,1.2M,3.8K,1.7K
matt_rife,Matt Rife,3.9M,4.7M,700.8K,3.2K,7.3K
syifahadjuuuuuuu,Syifa Hadju,4.1M,6.1M,808.9K,4.8K,1.6K
matt_rife,Matt Rife,3.9M,4.7M,700.8K,3.2K,7.3K
syifahadjuuuuuuu,Syifa Hadju,4.1M,6.1M,808.9K,4.8K,1.6K
cedricgrolet,Cedric Grolet,2.5M,6.9M,599.3K,2.2K,5.5K
nicollefigueroaa,Nicolle Figueroa,14.4M,7.9M,1.1M,2.5K,878
isramy,Ramy Chaaban,2.6M,4.5M,745.8K,3.3K,4.9K
lourdasprec,LOURD,10.6M,3.9M,672.9K,5.3K,5K
markoterzo,M A R K O,2.8M,8.7M,1M,2.3K,727
rauwalejandro,rauwalejandro,12.7M,6.1M,616.9K,2.5K,4.3K
axxdermusic,Axder,5.1M,1.7M,186.3K,30.9K,49.3K
jaxwritessongs,Jax,12.4M,3.7M,671.3K,7.6K,2.6K
saramohannad_,Sara,8.7M,3.7M,329.2K,5.1K,15.5K
ayesebastien,Sebastien,8M,5.4M,814.2K,2.2K,3.5K
skaijackson,Skai Jackson 🥰,20.8M,5M,857.4K,2.8K,2.6K
jvke,JVKE,8.7M,6M,1M,2.2K,1.5K
addisonre,Addison,88.7M,6.8M,523.2K,2.5K,3.8K
sucss.s,Açucena Guirra,11.9M,3.6M,811.7K,4K,3.6K
druskitv,DRUSKI,3.8M,2.8M,533.6K,4K,10.4K
tuckercomedy,Tucker Reynolds,2.5M,3.7M,769.5K,1.9K,5.1K
connorprice__,Connor Price,3.2M,5.9M,627.8K,2.9K,2.4K
bigsean,Big Sean,738.8K,4.1M,766.6K,2.7K,3.6K
postmalone,Post Malone,14M,4.8M,446.8K,3.1K,6K
marisol.viola,marisol viola,1.5M,2.5M,428.3K,6.7K,11.2K
neymarjr,Enejota,11.3M,5.2M,902.5K,3,4.1K
wuesilva,Wue Silva,13.8M,4.4M,540.1K,4.1K,3.9K
jimena.jimenezr,Jimena,25.2M,7.2M,816K,1.4K,1.9K
nina,Nina Dobrev,4M,6.8M,772.1K,2.4K,1.2K
rosalia,La Rosalia,26.8M,4.8M,588.5K,2.4K,4K
itskingchris,KingChristian,17.9M,3.7M,703.4K,4.3K,2.7K
dansurtiktok,Dan Sur beast 🤑,5.9M,5.7M,219.7K,13.8K,543
itssassagurl,Sassa Gurl,7M,4.1M,698.4K,3K,3.2K
jdpantoja,JD Pantoja,31.4M,4.6M,732.2K,4.3K,906
thehealchef,Harry Heal,3M,4.2M,538.7K,3.6K,3.7K
anaraquelhz,Raquel,5.4M,3.8M,331.9K,2.7K,9.8K
sara.wais,Sara Waisglass,4.3M,3.9M,827.2K,3.5K,1.3K
cassmakeshome,CASSMAKESHOME | HOME & DIY,719K,2M,268.2K,22.6K,5.5K
jypestraykids,Stray Kids,14.7M,2.3M,607.1K,7K,3.7K
cocielo,Júlio Cocielo,5.2M,3.2M,451.2K,2.8K,7.2K
meghantrainor,Meghan Trainor,13.6M,6.1M,905.1K,1.7K,936
spriteder_spd,Prite Netijen Netirattanapaiboon,4.9M,7.4M,789.4K,1.5K,991
santiperezvivas,Santi Perez,3M,3.4M,638.3K,2.8K,3.8K
kurtisconner,kurtis conner,2M,1.9M,689.7K,7K,3.9K
alwaystaketwo,alwaystaketwo,3.5M,5.2M,667.4K,2.2K,1.8K
adamrayokay,ADAMRAY,7.1M,3.7M,594.5K,2.4K,3.9K
spencer_serafica,Xspencer,13.9M,4.3M,622K,3K,2.1K
nianaguerrero,Niana Guerrero,34.6M,5.5M,707.8K,1.8K,1.7K
zachking,Zach King,70.7M,9.3M,591K,1.1K,1.4K
imeyhou,Meyden,4.6M,6M,690.1K,2.5K,708
qamar_altaey,𝑄𝐴𝑀𝐴𝑅,4.3M,3.4M,313.1K,4.9K,7.2K
graciajessicajane,Jessica Jane🌙,11.6M,5.6M,690K,2K,1.4K
ferxxo444,Feid,4.6M,3.3M,522.7K,2.6K,4.8K
graciajessicajane,Jessica Jane🌙,11.6M,5.6M,690K,2K,1.4K
rodrigodabcasale,Rodrigo Casale (DAB ADDICTION),1.2M,2.4M,401.7K,6.4K,6.8K
nourmar5,nourmar5,14.7M,3.1M,190.4K,10K,11.6K
calebrownn,Cale Brown,5.7M,4.4M,527K,1.7K,3.8K
shxtsngigs,ShxtsNGigs Podcast,5.5M,3.3M,569.1K,1.5K,5.3K
jasonderulo,Jason Derulo,56.1M,3.4M,225.5K,561,15.8K
esnyrrr,Esnyr,5.8M,4.4M,756.2K,1.8K,1.9K
saraisthreads,Sarai Marie,2.1M,3.6M,531.8K,4K,2.3K
billlnai,nai,8.8M,3.8M,996.6K,1.8K,1.3K
lance210,Lance Stewart,22.6M,4.4M,398.9K,1.3K,5.5K
strangehuman,nova,11.1M,4.5M,600.7K,2.5K,1.7K
herranwalt,Herr Anwalt,5.9M,2.8M,363.4K,4.3K,6.8K
btswings7,BTS,4.8M,1.6M,520.3K,3K,10.5K
christophersturniolo,Christopher Sturniolo,3.8M,3.4M,593K,3.5K,2K
fhd.artz,فهد آرت || Fahad🎨,2.3M,4.3M,320.9K,4.6K,3.5K
pongamoslo_a_prueba,Pongámoslo a Prueba,37.6M,6.1M,662.6K,1.7K,1.1K
jaywheeler,Jay Wheeler,6.1M,4.2M,725.7K,1.7K,1.9K
sijad_qasim,سجاد قاسم,2.3M,5.9M,171.6K,4K,6.9K
itsjaylaaw,🖤🖤🖤,2.9M,3.3M,553.5K,4.7K,1.4K
olisboa,LISBOA,3.9M,4.7M,848.7K,941,1.8K
maiaknight,Maia Knight,8.8M,5.4M,807.1K,1.2K,1.3K
beyonce,Beyoncé,4.3M,2.1M,496.5K,7K,3.5K
shakira,Shakira,26.5M,4.7M,401.2K,2.4K,3.4K
ivanaalawi,Ivana Alawi,8.6M,5.9M,606.5K,2K,956
albert_cancook,albert_cancook,9.2M,5.3M,441.9K,3K,1.5K
chinamcclain,China,16.4M,3.1M,783.6K,2.1K,2K
nadbilqis,nadb,219.1K,3.5M,414.7K,2.5K,4.4K
gordonramsayofficial,Gordon Ramsay,34.7M,6.2M,561.4K,1.7K,1.2K
firmanskd,𝙆𝙊𝘾𝘼𝙉,3M,3M,287.9K,891,10.8K
jennyhan,Jenny Han,2M,3.1M,561.2K,2.7K,2.9K
pablitocastilloo,pablitocastilloo,6.1M,2.9M,277K,1.4K,10.7K
ndshvv,ndshvv,3.9M,4.4M,578.7K,2.9K,955
williesalim,WILLIE SALIM,19.4M,4.9M,299.1K,4K,2.7K
lewiscapaldi,Lewis Capaldi,4M,2.8M,311.1K,2.3K,8.9K
hayleythebignoodle,💕Hayley💕,84.6K,2.8M,145.9K,10.8K,12.8K
tooturnttony,Tooturnttony,18.7M,5.3M,507K,2.7K,913
douhalaribiii,Douha laribii,9.3M,6.3M,405.7K,2.6K,1.1K
christian,Christian Del Grosso,4.7M,1.9M,252.6K,3.2K,16.5K
jacobday,Jacob Day,6.3M,2.7M,515.4K,4.5K,2.2K
dedaaladim,Debora Aladim,1.8M,2.4M,531.1K,3.8K,3.4K
isaach.p,Isaac H.P,3.4M,3.1M,445.9K,4.4K,2.1K
jindaouis,Louisa Jindaoui,2.4M,3.5M,551.5K,2.6K,2K
qamar_altaey,𝑄𝐴𝑀𝐴𝑅,4.3M,2.7M,276.6K,4.9K,6.6K
raonyp,Rao,224.5K,1.4M,349.1K,6.1K,11.4K
soysuco,soysuco,13.4M,3.2M,332.3K,6.9K,1.1K
robertirwin,Robert Irwin,4.6M,2.3M,492.9K,3.6K,3.8K
olivertree,Oliver Tree,12.8M,5.5M,490.4K,2K,1.1K
mollymaehague,Molly-Mae Hague,2.4M,5M,593.6K,1.8K,1K
theovon,Theo Von,3.1M,2.6M,302.3K,1K,9.3K
chris,Chris Olsen,8.6M,4.7M,682.3K,1.7K,851
sehataqua,SehatAQUA,533.2K,61.1M,70K,539,1.3K
dylan.page,Dylan Page,4.5M,2.8M,403.8K,4.1K,2.8K
lagranjadelborrego,La granja del borrego,13.2M,5.2M,744.8K,1.4K,627
vhackerr,Vinnie,15M,2.8M,473.9K,3.8K,2.1K
augustogimenez,AugustoGimenez,13.9M,6M,862.8K,1K,464
garett__nolan,Garett Nolan,13.4M,2.7M,351.3K,2.9K,5.2K
alexwaarren,Alex warren,15.6M,4.7M,854.5K,893,981
madisonbeer,Madison Beer,18.1M,2.9M,492.3K,2.9K,2.3K
brodywellmaker,Brody Wellmaker,21.7M,2.7M,461.4K,1.8K,4.2K
lukas.urkijo,Lukas urkijo,1.8M,3.8M,384.3K,3.6K,1.4K
victormelo,Victor Melo,22.4M,3M,562.2K,2K,2.2K
nashvibes,NashVibes Art,4M,5.6M,534.5K,1.2K,1.2K
elbitalamanabita5,Elba González,1.5M,2.6M,418.7K,1.6K,4.8K
jaimeonod,Telma,1.9M,2.7M,365.5K,3.7K,3.3K
b.blek,b.blek,3.1M,4.3M,332.1K,2.5K,2.1K
lachlanfairbairn,lachlanfairbairn,1.1M,2.3M,425.2K,2.5K,4.2K
zeth,Zeth,13M,3M,546.3K,1.1K,3K
emillyvickof,Emilly Vick,13.1M,4.9M,383K,2.5K,1K
pierson,Pierson,13.9M,3.7M,617.1K,1.8K,1.1K
siscakohl,Sisca Kohl,12.7M,5.5M,495K,1.6K,774
lelepons,Lele Pons,28.6M,4.4M,639.5K,1.2K,1.1K
jamarcus,Jamarcus Chatman,2.1M,6.1M,301.3K,423,3.1K
nayibbukele,Nayib Bukele,4.2M,2.2M,246.7K,5.9K,5.8K
surya.manurung,SURYAMANURUNG,2.3M,7.6M,181.5K,3.1K,1.5K
rinklebinkle,rinkle binkle 😼,198.4K,1.7M,389K,4.3K,5.4K
k0uvr,Kouvr,13.8M,4.3M,667.3K,1.1K,1.1K
thoriqhal,thariqhalilintar,4.7M,1.8M,236.1K,13.5K,1.2K
bayashi.tiktok,バヤシ🥑Bayashi,36.3M,3.8M,434.6K,2.9K,905
queenofontario,amaris,74.3K,3.4M,721.7K,683,1.9K
llkeyllll,Kadi,2.1M,3.6M,238.8K,5.6K,1.6K
haileesteinfeld,Hailee Steinfeld,3.3M,1.6M,404.9K,6.9K,2.6K
elpugaa,Puga,10.1M,3.7M,334.7K,608,4.3K
yucholoco,Sintya Marisca,3M,5M,364K,1.7K,1.6K
botakteras,Mike,3.8M,5.1M,406.4K,2.3K,500
championsleague,Champions League,18.3M,3.7M,488.1K,1.7K,1.6K
youngswagonoriginal,YoungSwagon,5.7M,2.7M,450.1K,1.2K,3.4K
slaterkodish,slaterkodish,326.9K,4.3M,580.9K,680,1.6K
bmbsh7,بمبش السيد♦️bimbsh♦️,5.1M,2.5M,330.3K,4.8K,1.9K
nicolegarcia,nicole garcia,13M,5.2M,659.2K,1.1K,515
mas_nizar,IG: nizar_abzhr31,6.7M,3.4M,450.1K,2.9K,728
jelena.unforgetable,#jelena,183.1K,6.2M,434.5K,1.6K,418
los_chicaneros,Los_chicaneros,4.9M,2.8M,324K,1.3K,4.5K
costatitch,Costa Titch,947.1K,4.3M,305.6K,634,3.4K
ash.e.e,Ashley Elliott,11.7M,4.6M,523.7K,1.8K,348
evtushenko_dima,Дима Евтушенко,7.8M,2.6M,136.2K,11.8K,3K
hisoyvaleria,valeria 🖤,9.1M,3.2M,443.2K,1.3K,2.5K
jessechrisss,Jess,3.6M,3M,665.5K,1.7K,865
ozikoy,KOY,7.6M,3M,393.9K,2.3K,2.1K
danielatreco,DanielaTreco,1.5M,2M,370.8K,984,5.8K
dinosonso_ofc,DinoSonso,8.8M,2.5M,194.1K,4.4K,5.9K
oironyoliveira,Kbuloso 😈,6.8M,1.7M,154.6K,650,18.8K
michou_yt,Michou,7.7M,4M,415.4K,2.4K,568
gemeosdomingues,GÊMEOS DOMINGUES,2.2M,2M,188.7K,8.6K,4.5K
nikitadragun,Nikita Dragun,14.6M,3.6M,446.5K,1.5K,1.5K
dobretwins,Lucas and Marcus,36.6M,4.4M,425.4K,1.8K,764
valenrewah,Valenrewah,8.3M,5.1M,540.8K,1K,699
cardncyn,Carddd,4.5M,5M,599.2K,998,587
hiagodosvideos,Hiago Marques,2.1M,2.4M,409K,1.7K,3.1K
kaylamalecc,kayla,9.3M,3.4M,429.6K,3K,249
babybella777,Bella Hadid,6.4M,4.3M,550K,1.3K,641
danythegaggio,Daniele Cabras,3.5M,2.3M,283.5K,1.5K,5.6K
unkabogableviceganda,Vice Ganda,10.2M,4.5M,564.6K,1.3K,537
hafizmahamad,Hafiz Mahamad,1.2M,2.3M,201.3K,5.3K,4.5K
mndiaye_97,mndiaye_97,15.4M,2.7M,458.5K,2.1K,1.6K
davidcstt_,David Costa,5.9M,3.1M,493.8K,1.4K,1.6K
vanessalopesr,Vanessa Lopes,26.5M,3.3M,345K,2.4K,1.4K
eupereiraoficial,Eu Pereira,8M,3.4M,385.9K,1.6K,1.7K
anna..paull,Anna Paul,5.6M,3M,602K,1.8K,590
karna.val,🎀КАРНАВАЛ🎀,24.5M,2.9M,283.5K,3.2K,2.2K
animalize21,animalize21🔥,12.8M,4.2M,478K,1.1K,1.1K
jaimefrench,Jaime French,485.4K,1.8M,366.4K,2.7K,4K
ne_4_,نيف السيد,3.4M,3M,208.5K,4.9K,1.9K
yano4kaa.aaa,yano4kaa,4.3M,2.9M,434.6K,1.6K,1.8K
ssukasuka12,quotes kartun,1.1M,1.5M,179.9K,194,14.8K
lilnasx,lil nas x,28.8M,2.8M,432.1K,1.6K,1.8K
abir.sag,Abir el saghir,16.6M,3.6M,292.5K,2K,1.8K
bretmanrock,bretmanrock,14.6M,2.3M,504.4K,1.4K,2.2K
miladmirg,Milad,5.9M,3.8M,367.7K,2.4K,446
jakepaul,Jake Paul,16.9M,4.3M,240.9K,3.1K,880
jemimajune_,Jemima June,569.3K,4.5M,510.1K,856,894
gordeewa__13,gordeewa__13 :&gt;,13.8M,4.9M,278.6K,2.4K,524
axelwebber,Axel,4.4M,3.6M,771.7K,1K,399
mohm.nabeel,mohammad.nabeel,566.1K,2.3M,132.4K,4.5K,8.5K
paytonking,Payton King,5.3M,1.7M,388.2K,2.7K,3.4K
kblock43,Ken Block,1.8M,3.2M,342.3K,762,2.9K
nia.ramadhani.bakrie,Nia Ramadhani Bakrie,2.1M,4.1M,337.1K,1.6K,1.2K
mateuspesce,Mateus pesce,7.2M,2.2M,257.2K,2.5K,4.5K
itsmenicksmithy,Nick Smithyman 🤓,8.2M,2.6M,243.7K,1.8K,4.4K
gurrms0630,BEDDY,7.5M,2.7M,464K,1.8K,1.4K
marianagrimaldii,La Niña Fresa 🍓,2.8M,3.3M,449.8K,709,1.9K
cedriklorenzen,Cedrik Lorenzen,3.2M,2M,229.7K,3.2K,5.1K
lgndfrvr,LGNDFRVR,17.4M,2.5M,417.8K,1.3K,2.4K
sunnyjutt1296,SunNy Jutt,2.5M,3.5M,344K,1.9K,1.2K
lilpump,Lil Pump,4.4M,2.7M,306.7K,3K,1.5K
kukombo,H,4.8M,2.7M,622.2K,1.7K,533
caprariu_valentino,V A L E N T I N O,3M,4.3M,230.2K,1.8K,2K
hf37777,نجم الثرياء⭐H,643.7K,1.3M,38.4K,6.2K,71K
emrata,Emrata,2.1M,3.5M,329.3K,1.2K,2K
thallyssonsb,Thallysson Borges,11.2M,2M,294.2K,2.4K,4K
artemmodelka,artemmodelka,801.1K,5.1M,299.2K,1.9K,446
surthycooks,Surthycooks,15.9M,3.4M,491.7K,1.5K,544
sturniolo.triplets,Sturniolo’s,4.7M,2.2M,505.2K,2.2K,969
jakekrantz,Jake Krantz,2.4M,2.1M,341.5K,1K,3.8K
jairsanchezzz,Jair Sanchez,7.4M,1.8M,280.7K,1.5K,5.2K
oldtimehawkey,Old Time Hawkey,6.7M,1.8M,319.9K,3.1K,2.8K
andrefernm,André Fernandes,387.3K,888.5K,111.9K,5.7K,28.3K
samkelly322,Samantha Kelly,2.6M,3.8M,480.5K,942,931
paralympics,paralympics,2.7M,2.5M,300.2K,1.7K,2.8K
joe.bartolozzi,Joe Bartolozzi,20.5M,2.4M,395.6K,2.8K,725
sebasmorenooo,Sebastian Moreno 📸,5.8M,3.2M,360.4K,1.9K,936
ferchugimenez,Fernanda,8.1M,3.1M,552.5K,879,1K
libardoisaza,Libardo Isaza,20M,3.9M,631.8K,1K,308
nhuchuu0909,Như Chuu 🎀,1.7M,6.2M,352.4K,1.2K,313
shamichef21,Shamichef,2.2M,4.1M,123.2K,1.4K,4.9K
agnesmelo_oficial,Agnes Melo,6M,3.7M,410.9K,1.1K,1K
justmaiko,Michael Le,52.3M,5.2M,550.4K,639,469
lachama4_ff,LA CHAMA ᴰ,10.1M,3.6M,500.6K,1.3K,436
mandrake1984real,Giuseppe Mandrake Ninno,1.5M,1.9M,236.5K,892,6.1K
brookemonk_,Brooke Monk,25M,3.9M,392.5K,1.3K,759
asmrblindbags21,Asmr blind-bags,2.3M,3.7M,305.3K,2.3K,563
newt,newt,9.9M,2.6M,507.3K,1.3K,1.1K
jackjos3ph,Jack Joseph,3.4M,2M,273.9K,2K,3.9K
jonata_26,Jonata,6.4M,3M,453K,689,1.6K
laurasalazar_s,Doc Laura Salazar,1.8M,1.7M,318.7K,1.3K,4.4K
andy.and.michelle,Andy & Michelle,5.6M,2.9M,371.2K,695,2.1K
jesusnalgas,JESUSNALGAS,3.6M,1.7M,244.3K,3.2K,4.2K
porojin,Chammy 🦁,1.4M,3.3M,648.6K,883,510
eldiegobonilla,Diego Bonilla 💎,2.7M,5.6M,261.6K,709,1.3K
iury.ofc,Iury Silva,3.3M,4.1M,250.3K,865,2K
jackktierney,Jack Lawrenson-Jones,28.7K,2M,458.2K,1.6K,1.6K
www.luluca,luluca 💗,2.6M,1.8M,202.1K,5.9K,2.5K
arigameplays,AriGameplays,23.6M,2.9M,415.8K,1.6K,897
kervo.dolo,Kervo.dolo,10.4M,1.7M,344.5K,1.5K,3.6K
jamescharles,James Charles,37.5M,3.3M,317K,1.7K,1.1K
datdo0803,Đỗ Đạt,7.7M,3.6M,398.2K,1.4K,619
miguelito_peru,Miguel Alessandro,2.4M,2.4M,183.3K,1.2K,5.4K
sabrinacarpenter,Sabrina Carpenter,13.1M,2.9M,361.7K,1.7K,1K
soy_marcela4,Soy_marcela,5.2M,1.8M,332.6K,1K,3.8K
adifishy,adi,3.4M,10.7M,291K,427,471
leannafirestone,leanna,691.6K,1.7M,277.2K,1.9K,4K
outtpig,OuttPig,2.3M,1.5M,341.1K,2.5K,2.9K
jennialarcon_,Jenni Alarcon,3.7M,2.6M,452.3K,1.3K,1K
larrywheels,Larrywheels,2.1M,3M,305.6K,1.1K,1.9K
bestgodmode,GOD MODE MOMENTS🌀,2.1M,4.1M,570.6K,595,583
kallmekris,Kris HC,47.1M,2.4M,292.3K,2.6K,1.3K
retomiguel,Jen & Miguel,3.2M,2.4M,279.6K,582,3.5K
pokmindset,POKMINDSET,2.2M,4.5M,408.8K,786,708
tatizaqui,TATI ZAQUI,8.1M,4.1M,212.9K,2.7K,376
winnermaxyt,WinnerMax,6.2M,4M,318.2K,1.1K,1K
tarcisioxx_,Thiago Tarcisio,3.1M,1.8M,39.6K,35.2K,1.9K
rl.carbona,rl carbona,1.3M,2.7M,404.9K,758,1.6K
ninogashi,NinoGashi,1.6M,2M,166.2K,2.8K,5K
its.michhh,Michel Chavez,33.3M,3.6M,432.9K,1.4K,250
larissagloor,𝗟𝗮𝗿𝗶𝘀𝘀𝗮 𝗚𝗹𝗼𝗼𝗿,3.8M,2.2M,424.7K,1.9K,886
nonnapiaa,Nonna Pia,3M,1.8M,177.8K,3.9K,4.1K
carloandsarah,carloandsarah,4.2M,2.6M,324.8K,1.1K,2K
sapphie_the_pomsky,Sapphie the Pomsky,3.2M,2.6M,220K,1K,3.4K
samanthayve,samantha eve 🤠,6.7M,4.6M,249.6K,1.7K,552
jimenibby,jimenibby,1.6M,2.3M,404.6K,2K,693
robegrill,robegrill,11.4M,3M,340.6K,578,1.9K
rafaelsantos,Rafael Santos,18.9M,2.7M,425K,1.5K,637
montpantoja,Montpantoja,36.4M,3.2M,449.9K,1.2K,520
jordanavucetic,jordanavucetic,3M,1.7M,390.3K,3.2K,606
yazidzohri,Yazid Zohri,2.8M,3.2M,237.9K,2.4K,816
suillaud,suillaud,1.1M,1.2M,321.7K,3.1K,3K
livvy,Olivia Dunne,6.2M,2.5M,312.3K,2K,1.1K
dannero,Dannero,7.5M,3M,265.9K,1.6K,1.4K
jjeverettrose,Jake Joseph Everett-Rose,4.2M,2.3M,367.7K,1.4K,1.5K
cierraramirezofficial,Cierra Ramirez,1.3M,2.4M,520.8K,998,921
datvilla94,🔥Đạt Villa🔥,7.2M,1.9M,158.9K,5.6K,2.5K
shayvise,Shayvise,4M,2.7M,459.2K,1.5K,401
lyodrabeneran,Lyodra Ginting,2.2M,2.1M,286.6K,1.2K,2.7K
dudeperfect,Dude Perfect,17.2M,4.7M,544.8K,396,531
jordanbardella,Jordan Bardella,292.2K,1.7M,178.9K,4.6K,3.2K
gusyterequijas,Gus Quijas,2.7M,2.8M,393.3K,864,1.3K
e_l_k_s_a_7_a,🔱 الكساحه 🔱,7.5M,2.2M,245.4K,2.4K,1.9K
oscar_mezar,Oscar Meza,6.2M,3.7M,352.1K,664,1.1K
mimiyouu,Mimi YOU,497.5K,2.3M,211.4K,1.8K,2.9K
marshelwidianto,Marshel Widianto,2.5M,2.9M,222.9K,2.6K,969
atretaequedahonorarios,Pedro Almeida,121.7K,1.7M,119.4K,4.9K,6.3K
jubiandxian,jubiandxian,6.1M,2.6M,380.2K,1.2K,1.2K
helen_christie,Helen Christie,1.2M,3M,514.9K,792,665
mrnigelng,Nigel Ng (Uncle Roger),6.4M,2.7M,313.8K,855,1.9K
landonbarkerr,Landon Barker,4.3M,3.2M,397.8K,1.4K,368
timmy2cans,Timmy2Cans,1.6M,2.5M,229.8K,1K,2.8K
fedevigevani,Fede Vigevani,15M,3.4M,232.9K,2.3K,541
dafnnejm,dafnne ☻,4.4M,2.5M,468.7K,1.3K,565
thecordlefamily,Hunter & Devin,3.2M,2.6M,379.7K,869,1.4K
bu3qeel,abu aqeel 🙆🏻‍♀️,1.1M,3.3M,137.3K,2.5K,2.4K
reemandbarbary,Reem و Barbary,3.8M,3.6M,261.6K,918,1.4K
realmadrid,Real Madrid C.F.,22.3M,2.7M,321.8K,1.1K,1.4K
flossybaby,flossybaby,4.2M,2.1M,362.4K,1.4K,1.4K
pkllipe,Pk,19.6M,2M,405.4K,1.4K,1.3K
trevorwallace,trevor wallace,9.1M,2M,313.6K,755,2.7K
jairitosolano,jairito,1.9M,4.9M,330.7K,589,737
6ar6ie6,BARBIE THREE SIX,1.8M,2.6M,345.3K,1.5K,871
minami.0819,🦄💙MINAMI💙🦄,1.8M,1.3M,160.9K,8.5K,1.7K
huddy,Huddy,32.2M,2.1M,264K,2.7K,1.3K
iimaya1,Maya Majed,1.7M,2.9M,158.6K,2K,2.6K
anas_fikry,Anas fikry,12.3M,2.7M,183.6K,2.3K,2K
keeganevansphoto,Keegan Evans,1.2M,2.5M,372.9K,1.2K,1K
sonyakisa8,Cat Sonya,17.9M,3.8M,180.7K,679,2.3K
mattiastanga,Mattia Stanga,2.8M,1.4M,223.1K,1.2K,5.4K
charlieputh,Charlie Puth,20.7M,2.2M,285.2K,2.2K,1.1K
abbieherbert,AbbieHerbert,14.2M,4.3M,459.1K,671,372
keirariff,Keira,5.4M,2.4M,521.4K,832,813
joshpeck,Josh Peck,7.8M,2.9M,369.7K,627,1.3K
nottclay,nottclay,2.2M,976.4K,182.9K,1.5K,10K
ayudewi070,AyuDewi,1.3M,4.4M,186K,1.3K,1.2K
nottheworstcleaner,Not the Worst Cleaner,5M,3M,359.4K,1.4K,484
sweizayne,Iana McCalebb,1.8M,1.1M,242.7K,2.9K,4.6K
incorrectlyroce,Roce Ordoñez,9M,2.6M,418.4K,851,990
halinhofficial,Ha Linh Official,2.9M,3M,302.9K,1.8K,431
virginiafonseca,Virginia,34.8M,2.8M,393.3K,1.1K,720
brentrivera,Brent Rivera,45.5M,2.1M,306.8K,2.7K,382
murphslife,Aaron Murphy,5.9M,1.7M,198.7K,1.8K,4K
erictro,Eric Tro,4.8M,4.2M,417.5K,605,503
melfouad,Melfouad,1.5M,1.9M,126.7K,1.8K,6.4K
itspuffpuff,Puff Puff,4M,1.4M,80.4K,1.4K,16.3K
iben_ma,Iben M.A.,9.2M,2.7M,207.5K,3.2K,280
hesfinatia,PINAT🍅|| IG: @hesfinatia,9.3M,3.8M,399.6K,1K,262
rucenuenda1,Ruce Nuenda,2.5M,2.5M,367.8K,1.6K,443
joshtgodfrey,Josh Godfrey,785.3K,1.7M,178.8K,2.9K,3.5K
thecoreyb,Corey B,9M,1.2M,174.6K,977,8K
isaias,Isaías,11.5M,1.8M,266.7K,1.8K,2.2K
3dshane,Shanef3d,432.6K,2.5M,248.8K,1K,2.1K
dilanjaniyar,Emang namanya Dilan,2.1M,3M,263.6K,1.9K,445
insertrichie,Insert Richie,4.4M,2.7M,217.8K,767,2.4K
chourouk.model_official,Chourouk_model_official,5.7M,3.3M,173.5K,626,2.6K
keniaos,KeniaOs,16M,1.7M,319.5K,2.3K,1K
lana_mohd89,𝑳𝑨𝑵𝑨 🦋,6M,2.2M,174.2K,2.8K,1.9K
matt_and_abby,Matt & Abby,4.7M,3M,382.9K,520,1.1K
c4tluvr666,Kennedy Walsh,2.8M,1.8M,440.2K,1K,1.2K
chinguamiga,Chingu Amiga,20.5M,3M,399.5K,1.1K,384
iamdtg,DTG,2.7M,1.6M,182.6K,1.5K,4.5K
keemokazi,KEEMOKAZI,31.2M,3.3M,350.1K,1.2K,313
yogabukanhyuga,yogabukanhyuga,199.1K,2.4M,231.6K,639,2.6K
dermdoctor,DermDoctor | Dr. Shah,17.3M,4.8M,221.2K,711,941
twistedpennywise,TwistedPennywise,17.6M,2.5M,260.6K,1.3K,1.4K
2m.elgany,🇲🇦(محمود&مريم)🇪🇬 هيستيريا,1.2M,2.6M,144K,1.8K,2.8K
morganveraa,Morgan Vera,6.2M,3.5M,328.5K,773,709
therealhammytv,TheRealHammyTV,15.7M,3M,164.1K,533,2.9K
leal_stephany,Stephany Leal,13.6M,1.9M,376.1K,452,1.9K
quenblackwell,quenblackwell,7.9M,1.8M,271.1K,2.4K,1.2K
alwifahry,alwi fahry,10.9M,1.9M,242K,2K,1.6K
namemnjtv12,MNJ TV(ตัวจริง),7.6M,3.3M,285.6K,1.4K,346
attahalilintar,Atta Halilintar,12.8M,2.8M,258.1K,1.3K,1K
julesleblanc,jules,18.9M,2.4M,561K,1K,186
iamdikeh,Dikeh,4.9M,1.9M,248.7K,2.4K,1.1K
dennismik,DENNISMIK💫,5.5M,4.1M,212.2K,736,1.1K
vilmeijuga,VILMEI✨,20.4M,2.1M,183.8K,2.2K,2K
dudamaryah,dudamaryah,6.4M,1.8M,325.6K,1.1K,1.6K
mdmotivator,Zachery Dereniowski,11.1M,2.6M,388.3K,1.2K,382
andreaaybar1995,Andrea Aybar,3.5M,3.9M,270.3K,1.3K,252
lizzza,Liza Koshy,30.3M,2.3M,337.1K,1.3K,801
itsasiaelaine,Asia E Smith,176.8K,1.1M,125.5K,3.3K,8.3K
pedroarcafra,PEDRO ARCAFRA,2.9M,934.2K,63.9K,768,25.9K
thebrandonrobert,Brandon Robert,11.5M,2.3M,198.5K,1.9K,1.6K
madelineargy,madz,3M,2.5M,454.1K,933,468
nathaliavalente,Nathalia,14.4M,2.8M,303K,1.4K,488
airrack,Eric Decker,1.3M,3.4M,418.5K,857,252
zodiac.boyfriend,Zodiac Boyfriend🪐🔮,2.4M,1.6M,207.3K,2.1K,2.6K
yurielkysojeda,Yurielkys Ojeda 🕷,15.5M,2.2M,280.8K,995,1.5K
brittikitty,Brittany & Lily,14.7M,2.3M,346.9K,1K,926
jiembasands,Jiemba Sands,4.8M,1.5M,245.3K,1.1K,3.2K
ireniusx,ireniusx,6.5M,2.1M,381.2K,960,1K
1iamdesibanks,Desi Banks,1.7M,1.2M,195.5K,1.3K,5.4K
noeldeyzel_bodybuilder,Noel Deyzel🇿🇦,5.8M,1.9M,308.8K,1.3K,1.4K
mieayamthebstt,Unaa🍜,16.7M,2.8M,278.9K,1.3K,653
sabrenorris,Sabre Norris,3.7M,2.2M,205.7K,3K,346
beca,beca,26.8M,2.1M,254.2K,1.9K,947
dilanjaniyar_2,Emang Dilan namanya,2.6M,2.6M,328.9K,1.3K,468
nnatalieaguilar,natalie & the aguilars,5.4M,3.3M,467.4K,450,547
tifannylm,⚡️TEF,9M,3.5M,443.7K,604,370
zeinazeee,Zeina Zee,4.1M,3.7M,225.4K,1K,807
thebenjishow,benji,6M,2.1M,287.4K,883,1.6K
the.sign.guy,Austin Mollno,5.1M,3.5M,405K,872,176
nick.digiovanni,nick.digiovanni,9.4M,2.8M,398.3K,890,438
lkzinhu,LK,18M,2.4M,337.7K,937,889
nilered,NileRed,10.6M,1.6M,351.8K,1.4K,1.2K
n.vv3,ناصر || 🇸🇦 alsubaie,4.8M,2.2M,145.6K,2.1K,2.6K
mispastelitos_,Mis Pastelitos,10.2M,2.6M,389.5K,620,827
lordtrunks,Lord Trunks,4.5M,2.1M,240.4K,1.5K,1.4K
taliyaandgustavo,TALIYA & GUSTAVO,2.5M,3.1M,297K,701,868
dimelonegritow,El negrito🧑🏾‍🦱,1.5M,2M,249.4K,723,2.1K
tessa_dgen,Анастасия,2.7M,1.9M,103.1K,2.5K,4.8K
maytree_music,Maytree 메이트리,11.3M,2.6M,214.9K,1.6K,1K
kimandnorth,Kim and North,9.6M,4.6M,332K,0,945
karenbarreraoficial,Karen Barrera,16.3M,3.5M,335.6K,484,724
venomlive85,🕸 VENOM 🕸,1.1M,2.9M,217.9K,1.8K,410
abu_julia_official,Abu Julia أبو جوليا,3.3M,2M,123.6K,1K,4.7K
initiaraandini,tiara andini,5.2M,2.5M,267.2K,1.4K,730
krisjenner,Kris,3.5M,1.6M,237.7K,2.2K,1.5K
bek1as,Bektas,243.6K,1.7M,201.4K,1.2K,2.9K
lucasvarelaaaa,Lucas varela,3M,1.6M,264K,436,3K
madonna,madonna,3M,3.1M,71.5K,4.2K,2.1K
mondeenise,Monica🖤,1.4M,1.2M,188.9K,5.2K,904
vanbanger,tyler,958.6K,1.4M,220.1K,1.9K,2.7K
thelondoncharles,London Charles,6.1M,2.1M,365K,1K,749
farhanrn__,FARHAN,5.4M,2.4M,343.6K,1.1K,591
taylorrandsoph,TAYLOR & SOPHIA,2.8M,1.8M,250.6K,1.3K,1.8K
pakoyaso_,Pakoyaso,13.8M,2.4M,327.8K,1K,725
ali.klose11,علي كلوزه,2.2M,1.8M,213.4K,2.6K,919
katclark86,Kat Clark,3.1M,2.6M,392.4K,1.2K,161
official_gidle,(G)I-DLE·(여자)아이들,3.4M,2.1M,345.1K,1.3K,643
diegodiego_,Diego Cruz,8.3M,1.3M,208.9K,2.5K,2.5K
snerixx,Sam Erix,8.5M,1.4M,334.2K,1.6K,1.3K
fedez,fedez,5.9M,1.8M,225.3K,1.6K,1.8K
kulinaria.recetas,AGUS LIPORACE,4.2M,2.2M,249.5K,340,2.1K
itsmatheuscosta,Matheus Costa,5.1M,1.7M,219.2K,1.7K,1.9K
leen_mohd98,LEEN🌸,4M,2.4M,150.4K,2K,1.7K
rayssabuq,Rayssa Buq,7.6M,2M,164.1K,1.6K,2.5K
rondamichael,michael ronda,4M,2.5M,285.5K,692,1.2K
lisefalfio,Lisef Alfio,1.6M,2.1M,160.7K,596,3.4K
fredziownik_art,Franek Bielak,12.6M,3.6M,194K,1.4K,504
sonrixs_,Sonrixs,14.8M,3.3M,397K,661,351
unnecessaryinventions,Unnecessary Inventions,6M,1.6M,314K,1.8K,814
_mrs.grey,_mrs.grey,127.1K,1.4M,357.9K,1.5K,1.2K
ailutokman,Ailu Tokman | RECETAS FÁCILES,3.7M,1.6M,201.9K,323,3.8K
adrianbliss,Adrian Bliss,7.6M,2M,332.7K,724,1.3K
tiger050794,Son Tung M-TP,3.9M,1.6M,236.5K,3K,445
zainah.mb,Zainah & Minnie,2M,1.5M,278.5K,818,2.3K
noguidnce,NO GUIDNCE,2.4M,2.3M,387.7K,990,481
good.boy.ollie,Good Boy Ollie,5M,1.2M,254.4K,1.4K,2.9K
basementgang,Basement Gang,5.8M,1.6M,306.6K,947,1.7K
averycyrus,Avery Cyrus,8.2M,3.4M,273.4K,739,658
fujiiian,Fuji,16.6M,3M,274K,809,763
chilinypikinoficial,Chilinypikinoficial,4.1M,3.6M,184.7K,518,1.4K
aaaniiqqq,aniqsuhair,284.2K,1.8M,205.1K,1.4K,2.1K
germangarmendia,German Garmendia,18.8M,1.9M,327.7K,1.5K,522
fayneee,Unaverage Student,3M,2.3M,165K,2.1K,1.2K
baylenlevine,Baylen Levine,4.7M,1.3M,219.7K,3.5K,942
bigtugg,Tucker Lindgren,2.1M,1M,275.7K,1.7K,3K
nelyrall,NELYRALL,7.2M,1.3M,191.8K,1.5K,3.6K
calebwsimpson,CALEB SIMPSON,5.6M,3.2M,303.8K,653,651
avascreams,ava,1M,1.4M,323.6K,2.3K,542
kfc_es,KFC España,3.9M,1.4M,166.5K,2.6K,2.6K
tommyinnit,Tommy,11.9M,1.1M,247.2K,3.4K,1.2K
mattsturniolo,Matt,3.6M,1.5M,235.9K,2.6K,893
capa_in_visible,Capa Invisible,1.2M,1.5M,326.6K,1.2K,1.3K
isaac.h.p.karaoke.backup,Isaac H.P Karaoke Backup,1.9M,870K,156.7K,3.8K,5.3K
supremepatty_,Supreme Patty,471.5K,2.7M,238.3K,1.4K,548
dovecameron,Dove Cameron,12.3M,1.8M,338.2K,1.4K,712
jhothsa,jhothsa,14M,1.4M,227.2K,1.5K,2.5K
annamcnulty,Anna McNulty,8.1M,2.4M,240.9K,1.3K,793
cirowhites1.0,CiroWhites,2.5M,1.6M,304.4K,604,1.9K
grannybibbins,Granny,636.4K,980.2K,197.3K,874,5.5K
niziu_official,NiziU,2.6M,2.7M,143.6K,1.3K,1.9K
nada_m7amed,دودا🦹🏻🤍,6.5M,1.6M,219.3K,753,2.7K
marsaimartin,Marsai,3.8M,1.4M,371.8K,1.5K,814
vidhia_r,🐇Vidhi_R🐇,7.5M,1.4M,168.8K,3.6K,1.7K
joaoferdnan,João Ferdnan,8.4M,1.2M,173.4K,2.2K,3.7K
clawmachine_mokkai,もっかいちゃんねる,267.4K,5.3M,111.1K,705,1.4K
yasincengiz38,YasinCengiz,3.3M,2M,137.7K,1.4K,3K
angryreactions,Oneya D’Amelio,26.7M,1.4M,236.7K,3.2K,449
logfive,Logan,2.7M,1.6M,243.3K,1.1K,2K
just.hamilton,Just Hamilton,3.1M,1.3M,260.6K,939,2.6K
deshawnharrisss,Deshawn ✪,2.1M,1.1M,190.9K,1.4K,4.2K
mackenziesol,mackenzie sol,12.2M,2.2M,160.3K,432,3K
katstickler,Kat,9.4M,3M,339.4K,736,456
julisavioli,Juli Savioli,6.8M,2.3M,266.6K,1.2K,707
faiqfreestyle,Faiq Freestyle,1.1M,2.2M,234.9K,1K,1.3K
avemoves,avemoves,17M,1.7M,393.9K,841,920
francoescamillaofficial,Franco Escamilla,17.5M,2.1M,250.9K,481,1.8K
hadeel.alali,ام سيف om sayf,3.2M,3.9M,138.6K,896,1.3K
dictionarei,Reizuka Ari,2.9M,2.5M,313.9K,1.1K,364
riumbau,Hector Riumbau,2.6M,1.3M,180.2K,752,4.3K
shaughnaphillips,shaughnaphillips,397.5K,1.4M,184K,1.8K,2.6K
seungbin030708,승빈🍥,5.2M,2.7M,227.7K,1.3K,662
kessel_nathan_official,Nathan Kessel,8.9M,1.6M,166.3K,1K,3.4K
naimdarrechi,Naim Darrechi🏆,28.4M,2.3M,259K,441,1.5K
priimoraa,Prii Moraa,17.1M,3.4M,433.5K,423,354
chuponcitotv,Chuponcito,4.9M,2.3M,113.8K,287,4.1K
gilmhercroes,GIL CROES,35.2M,2.8M,162.4K,896,1.6K
aliciacreti,Alicia Creti,714.9K,836.9K,204.3K,3.7K,2.9K
axelviewoficial,AxelView,4M,1.5M,152.4K,794,4.1K
locofer5,Locofer5,1.2M,1.4M,260.1K,1.5K,1.7K
irinimeza06,irini Trix,1.7M,3.5M,269.7K,780,410
krissiti911,Krisjiana & Siti Badriah,3.2M,3.9M,310.5K,582,342
erikconover,Erik Conover,524.1K,2.3M,153.9K,1.5K,1.7K
abbduuu21,بوشنب⭐️,13.7M,2.7M,163.2K,1.1K,1.5K
ateez_official_,ATEEZ_Official,3.6M,806.6K,243.4K,3.2K,2.3K
zdotss,ZDOTSS,2.1M,2M,221.2K,1K,1.5K
dr.cracks,Dr.Cracks,5.7M,2.4M,107K,866,3.4K
martita_de_grana,Martita de Graná,704.2K,1.6M,78.7K,939,7.7K
dandiaff,dan x id,1.3M,4.1M,311K,444,406
abrahamdpee,Abrahamdpe,4.8M,2.2M,174.8K,1K,1.9K
kodasteven,Steven🇵🇷,6.2M,1.7M,328.1K,1.5K,468
felipenpv,Felipe Paiva,4.3M,1.5M,263.4K,1.4K,1.3K
alwuhu,Alan Wu,3.8M,1.1M,184.4K,864,4.5K
thehypehouse,The Hype House,21.3M,2.5M,303.9K,1.1K,324
notorious_foodie,Notorious Foodie,2.4M,2.3M,149.9K,865,2.2K
pete_pamana,petepamana,3.3M,4.2M,168.8K,896,592
manhtienkhoi_,Mạnh Tiến Khôi 🐯,5.1M,1.9M,194.2K,2.1K,714
nathalieholscher14,Nathalie Holscher,7.7M,4M,216.2K,597,599
kfulgar,Kristel Fulgar,3.6M,1.5M,284.6K,1.3K,1.1K
karolsevillaokay,karolsevillaofc,26.2M,2.6M,243.1K,1.1K,499
renpc_,✨Ren PC✨,5M,1.1M,199.1K,989,3.7K
jawarshere,Jawaria,852K,2.5M,325K,863,401
japanfriends,Japan and friends,2.1M,2.3M,288.6K,463,1.1K
guipolemicoo,GUI POLÊMICO,8.5M,1.7M,194.1K,707,2.4K
itsqcp,QCP,11.3M,2.2M,321.1K,809,637
dante_caro,Dante Caro,1.8M,2.3M,202.1K,310,1.9K
casaltoxico,✨ Casal Tóxico ✨,6.5M,1.2M,196.5K,1K,3.3K
com.yamato0515,【コムドット】やまと,1.9M,1.3M,158.7K,3.6K,1.3K
jamesllewis,Jamesllewis,5.8M,2.3M,187K,1.2K,1.1K
iheartmemphis,MEMPHIS 🔥,13.7M,3M,190.2K,1.4K,348
ujoaozinho,uJoãozinho 🤘🏻,8.9M,3.5M,382.4K,427,319
deborahyowa,Deborah yowa,16.2M,3.3M,170.1K,985,793
lu.s.cas,Lucas,3M,3M,291.6K,968,188
maluborgesm,MALU BORGES,3.4M,1.1M,192.6K,3.6K,1K
yourmommadontdance,Kimberly Ward,287.6K,4.2M,273.8K,734,126
kopke613,kopke613,4M,1.2M,149.4K,2.1K,3.4K
claragnds,Maria Clara Garcia,19.2M,1.7M,202.3K,1.9K,981
wigofellas,wigofellas,35M,2.9M,172.1K,920,1.1K
terryreloaded,Terry Reloaded,6.8M,1.1M,214.1K,1.5K,2.7K
shaturday,shadirafirdausi,1.4M,2.2M,336.9K,926,393
natajadeh,sheren'nat🇮🇩,5.1M,2.8M,252.7K,721,654
bobbialthoff,Bobbi,3.5M,2.9M,207.4K,477,1.1K
sobrevivente13,Edelson Ribeiro,4.6M,1.6M,142.6K,1K,3.3K
jmartineze_,josi,23.4M,1.9M,298K,905,810
moontellthat,MOONTELLTHAT,14.2M,2.8M,154.6K,990,1.3K
batuffolo75,tortoriciclaudia,1.1M,1.4M,124.4K,1.2K,4.3K
mbossotz,Mbosso Khan,549K,1.6M,113.8K,2.5K,2.8K
marcelldegen,Marcelldegen,4M,2.2M,179.4K,2.1K,310
masood_boomgaard,masood_boomgaard,680.4K,1.2M,68.9K,855,11.2K
hashem.alghaili,Hashem Al-Ghaili,319.8K,1.5M,162.1K,1.3K,2.8K
elbernas321,BernaVeo2010,2.4M,1M,86.2K,217,10.5K
codenamejesse,Jesse,3.2M,1.4M,249.4K,1.4K,1.4K
abo.zizo,۩♥۩ عائلة ابو زيزو ۩♥۩,5.7M,3M,184.2K,665,1K
althea420,ALTHEA😈,2M,1.4M,109.7K,4.1K,2.1K
majofutbol,María José López Rodríguez,244K,3.4M,336K,455,373
lauralove5514,LauraLove,7.8M,1.7M,314.1K,1K,738
soupytime,georgie,5.2M,1.5M,283.5K,800,1.4K
sebasgal11,Sebastian Gallo,5M,3.8M,401.7K,308,309
mohaimen.alaa,مهيمن علاء,4.5M,1.6M,178.3K,2.2K,1.2K
mijangggg,mizanpilus,150.3K,1.3M,124.5K,2K,3.8K
letskwoowk,KWOOWK with Kevin,3.1M,2M,223.1K,1.6K,461
ajh.10,عبوسي مهدي,1.3M,2.8M,75.7K,998,3.4K
ratuauliaa22,ratuauliatp,13.2M,2.2M,259.8K,1K,581
themolyajan,Moldir,2M,2.5M,169.1K,1.7K,544
pamiathat,Jack Carden,719.4K,1.4M,282.8K,2K,318
zachjustice,Zach Justice,4.7M,1.6M,280.8K,546,1.5K
zackbarbour,Zack Barbour,3.1M,1.5M,139.6K,1.2K,3.1K
lucaslopezvilet,Lucas Lopez,2.7M,1.5M,198.9K,993,2.1K
engfa32,ENGFA,4.2M,1.7M,233.1K,1.7K,577
jadethirlwall,Jade Thirlwall,2M,1.2M,208.9K,2.3K,1.1K
cellat36,cellat36,8.6M,1.9M,106K,3.4K,1.1K
chengkhen2k2,Cheng🦐,3.9M,2.3M,280.4K,648,754
jesusangelperezoficial,ESE PÉREZ,3.7M,1.7M,209.6K,353,2.2K
mrcaqui,Facundo Izquierdo,7M,1M,236.3K,903,2.8K
danivallem,Dani Valle,5.3M,1.1M,86K,438,9.4K
ismab4c,Isma B4C,1.1M,2.3M,343.8K,801,342
naenano,なえなの🌨,3.7M,2M,189.9K,1.2K,1.1K
peter_vigilante,PeterVigilante,4.2M,2.2M,188K,784,1.3K
odakei_6,OdAkEi,787.3K,2.8M,131.4K,1.3K,1.1K
duyyy.real.channel,Ngô Đức Duy,5.4M,2.5M,254.5K,1K,339
beikmusica,BEIK,278.4K,713.6K,122.2K,728,9.3K
soimah_pancawati,Soimah Pancawati,2.1M,1.5M,106K,2.7K,2.7K
gabimfmoura,Gabriela Moura,8.7M,2M,275.2K,557,1.1K
edwinmendozza,𝖊𝖉𝖜𝖎𝖓,15.3M,2.6M,324.4K,787,239
carenalegria,Caren y Coco ♥️,2.9M,1.9M,154.8K,1.8K,1.1K
celinaspookyboo,CelinaSpookyBoo,26.4M,1.7M,209K,1.4K,1K
bruontheradio,Bru,4.4M,2.9M,428.9K,364,319
steven.stenlyy,steven.stenlyy,4.6M,2M,173.7K,1.2K,1.2K
antourny,Antony Santos,2.6M,2.4M,234K,1.1K,442
i_am_doshik1,i_am_doshik,20.7M,1.9M,181.1K,1.6K,894
ehbeefamily,Eh Bee Family,11.8M,1.5M,284.5K,1.5K,476
pumatheweirdo,Cat Puma,2.6M,1.3M,186.7K,601,2.8K
hilda_70,Hilda,1.4M,1.1M,124.4K,5.5K,532
hussein56t,حسوني الشعراوي,460.7K,3.3M,180.8K,745,631
leonardberducat,Léonard Berducat,355.1K,2.4M,157K,1.3K,835
padillamarilis,padillamarilis,552.5K,2.5M,99.8K,1.6K,1.7K
mexicocookingclub,Calixto Serna,11.5M,1.7M,239.9K,1.1K,916
noelgoescrazy,noelgoescrazy,13.9M,7.3M,147.1K,278,484
ufc,ufc,12.7M,1.7M,154.3K,1.4K,1.7K
albertinasacaca1,Albertina Sacaca Cal,6.7M,3M,228.5K,808,396
namyulenka,Namy,7.1M,1.7M,244.6K,1.1K,935
siganviendo59,jeancarlo MTB,10.6M,2.1M,223.5K,977,744
joshhelfgott,Josh Helfgott,5.1M,989.5K,208.6K,2.1K,1.8K
bomanizer,Bomanizer,1.6M,1.1M,220.5K,1.1K,2.3K
christinaroki,Christina Roki,2.8M,2.3M,315.9K,797,309
burberry,Burberry,2.2M,2.6M,190.7K,812,797
tabithaswatosh,Tabs,12.9M,2.3M,392.7K,714,183
unlabeled_,Paula 🐄,1.3M,1.7M,353K,1K,287
kikysaputrii,Kiky Saputri,1.8M,3.5M,177.8K,626,638
jakeandrich,Jake Andrich / Jakipz,15M,1.6M,154.2K,1.5K,1.7K
nmixx_official,NMIXX,2.7M,1.7M,260.4K,1K,738
julieevlorentzen,julie,3.7M,2.4M,340K,623,355
williamlast_krm,William Last KRM,7.7M,1.9M,152.4K,1.6K,1.1K
_mohamed_rhal_,محمد رحال,654.6K,2.8M,122.9K,1.2K,1.1K
im_rawan0,روان|Rawan,2.5M,1.9M,143.7K,2.5K,360
dannygrubs,Danny Kim,3.7M,2.3M,243.9K,841,517
dede.omat,dedeomat,278.4K,1.3M,92.2K,2.7K,3.6K
theonlycb3,Charles Brockman III,6.2M,1.1M,238K,1.9K,999
bobmenery,BobMeneryTV,4.8M,1.1M,109.3K,706,5.6K
edithxgalvez,Edith Galvez,5.8M,2.7M,275.3K,504,511
robleisiutu,Robleis,5M,1.7M,222.9K,965,1K
sofiaespanha,sofia espanha,5M,2M,288.2K,823,513
abi.dihati,Abi dihati,4.1M,3.7M,256.4K,378,413
losadnmx,Los ADN,6.8M,1.9M,163K,396,2K
magicphotofilm,MAGIC PHOTO FILM,187.7K,1.9M,127.7K,499,2.6K
readyfredi,Fredi Pärs,3.3M,835.4K,177.6K,1.8K,3.2K
sejsejlija,Cecilia Blomdahl,2.1M,1.8M,194.3K,1.3K,857
cheekykiddo,alex🐤,4.5M,2.5M,259K,743,408
brittbarbie3,Brittbarbie3,2.2M,1.9M,126.4K,2.4K,817
ninabaiocchi,Nina Baiocchi,9.4M,1.7M,298.7K,866,588
gutierrezcastro,Gutierrez Castro,14.6M,1.9M,216.5K,520,1.3K
ustazebitlew,Ebit Lew,4.4M,1.1M,123.2K,2.9K,2.7K
big.manny1,Big Manny,897.4K,1.5M,206.7K,1.1K,1.3K
islasvlogs_,Islas Vlogs,2.8M,2.4M,381.7K,509,289
yerimuaa,Yeri MUA,4.1M,3.2M,239.7K,684,268
levraimotif,Le Motif,376.8K,2.1M,391.3K,571,313
elrodcontreras,ROD🫠,41.8M,1.8M,217.3K,1.5K,316
burnaboyofficial,Burna Boy,2.6M,1.4M,191.7K,1.4K,1.3K
chang._.a,창하CHANGHA,22.6M,1.2M,286.2K,1.6K,509
cristorata7,Cristorata,1.4M,1.8M,180.5K,925,1.3K
imdimpey,Dimpey,8.3M,879.4K,182.2K,1.2K,3.3K
farahjmerhi,Farah Merhi,4M,2.6M,125.2K,283,1.9K
lilyxgarcia,Lily Garcia,13M,2.1M,356.7K,609,371
traviesotiktok,Daniel El Travieso,7.4M,2.3M,286.3K,432,680
rug,FaZe Rug,9.6M,1.7M,229.8K,1.6K,266
sammy_dao222,Sammy Đào,3M,1.7M,128.5K,2.8K,466
rah_money1,General ock,3.6M,1.6M,178.9K,1K,1.5K
mamalindy,Lindy and Jlo,12.3M,2.7M,178.8K,787,709
joerauth_,Joe rauth,5.8M,1.6M,268.5K,609,1K
wren.eleanor,Wren & Jacquelyn,17.4M,2.7M,344.3K,333,429
sluy.guy,SluyGuy,205.5K,1.3M,132.1K,2.8K,1.3K
johnnysins,JohnnySins,7.9M,1.5M,207.2K,1.5K,735
jaykindafunny8,Jaykindafunny,24.5M,2.2M,126K,636,1.9K
shawnjohnson,ShawnJohnson,1.7M,1.3M,78.9K,179,6.8K
sidequestz,sidequestz,360.6K,1.5M,229.6K,803,1.2K
davidyrodriguez,That French Guy,8.3M,1.5M,261.4K,1.2K,582
jombospice,JOMBOSPICE,9.4M,1.5M,191.9K,1.9K,553
faryanggaa,Ryann,5.6M,1.6M,257.4K,1.1K,642
mmaizalazar,Mai Zalazar,1.8M,2.3M,284.2K,548,521
tritanttv,Tristan Clausen,4M,1.5M,237.4K,1.5K,485
pepperonimuffin,Kirsten Titus,8.3M,2.1M,335.3K,733,258
tina_042,𝒯𝒾𝓃𝒶,1.1M,1.3M,225.6K,2.1K,291
sapzuu,sap 🪄✨,358.7K,837.9K,294.3K,1.6K,1.3K
larissa_kimberlly_,Larissa Kimberlly 🐞,17.6M,1.8M,207.7K,1.2K,663
brunoliima019,Bruno Lima,7.4M,2.1M,235.9K,507,923
adamcalhoun1,Adam Calhoun,2.5M,904.1K,117.9K,3.5K,3K
aprisdevita,Apris Devita,1.1M,1.2M,241.4K,729,1.6K
makeupartistgorda66,Makeupartistgorda66,5M,1.8M,179.2K,1.6K,552
ngoc.matcha,Ngọc Matcha 💚,4M,1.4M,197.3K,2K,440
noamusic_official,NOA,168.1K,1.6M,140.2K,643,2.4K
calleypoche,Calle y Poché,5.9M,2.4M,221.3K,721,559
mmmjoemele,Joe Mele,23.2M,2.1M,278.8K,791,342
mymint.nara,Mymint Nara,2M,2.8M,238.4K,774,218
jacopoaquila_,Jacopo Aquila,2.2M,1.5M,148.7K,1.2K,1.8K
jomaryee,Jomar Yee,9.2M,1.8M,211K,653,1.1K
ayee_shaad,East Romani,704K,879.5K,274.4K,718,2K
tuckot,tuck,2.7M,891K,133.6K,1.1K,4.4K
njr11njr,njr11njr,1.4M,2.6M,258.7K,286,689
jimmydarts,Jimmy Darts,9.1M,1.6M,266.8K,1.2K,319
imatheusguedes,imatheusguedes,2M,1.3M,193.9K,587,1.9K
bpratamasaputraa,Bagas Pratama,375.1K,1M,82.1K,2.8K,4.8K
thewick,The Wick,5.2M,2M,229.2K,1.1K,351
jashlem,Jash,26.8M,1.8M,310.8K,729,422
junpei.zaki,junpei zaki,14.3M,835.1K,62.8K,12.2K,83
quincybytheway,Quincy BTW,1.4M,1.9M,262.7K,509,779
homm9k,ХОМЯК,46.1M,2M,210.9K,1.2K,298
1_alkaisr_1,🔱🌹القيصر🌹🔱,12.5M,1.7M,172.1K,737,1.4K
jamroz_,jamroz_,1.2M,810.1K,137.8K,1.9K,3.7K
nessaabarrett,Ness,19.6M,1.7M,173.3K,1.1K,1K
adamalhidayat,ADAMALHDYT,3.1M,2.6M,214K,593,565
lexychaplin,Lexy,3.3M,1.6M,263.7K,1.1K,418
firstnamechris,Chris Punsalan,1M,1.5M,264.1K,1.2K,339
kikakiim,Kika Kim,32.8M,2.2M,208.5K,846,514
gehu.gl,Gerson Garcia,455.2K,1M,73.5K,867,7.6K
iamsungstarwin,Sungstarwin,2.7M,2.6M,397.3K,339,273
thiagomelob_,Thiago Melo b,5.1M,1.6M,189.5K,592,1.4K
haileybieber,Hailey Bieber,10.3M,2.2M,242.8K,708,445
jooj,Jooj Natu,12M,2.2M,241.5K,517,641
benjikrol,Benji Krol,32.5M,1.4M,199.6K,1.8K,470
philipdefranco,Philip DeFranco,2.2M,1.6M,130.3K,2.3K,687
itsjojosiwa,JoJo Siwa,44.2M,2.7M,202.7K,915,207
itzyofficial,ITZY,10M,1.2M,199.4K,1.7K,829
riaricis,Ria Ricis,29.7M,1.8M,239.6K,821,596
esperandolacarrozaok,esperando la carroza ok,230.4K,1.1M,98.9K,482,5.1K
jennylek,jenny,755.9K,1.1M,326.1K,901,802
kehlani,Kehlani,4M,1.3M,259K,1.1K,744
migueltanfelix98,Miguel Tanfelix,5.8M,2.2M,234.3K,714,463
abo_qamae,ابو قماع🙂❤️,2.1M,2M,154.8K,1K,898
samirasphobia,Samira,33K,1.1M,108.1K,4.5K,514
tanboykun_asli,Tanboy kun,2.5M,3M,170.7K,453,713
madsbaileybabe,Maddie L Bailey,6M,1.6M,300.3K,898,344
leanbeefpatty,Patty,6.2M,1.5M,223.3K,1.2K,537
tonystatovci,TONY STATOVCI,3.1M,968.8K,210K,857,2.1K
ser_jay,Hello It’s me SerJay,5.4M,1.8M,304.2K,639,448
vadik_dikiy,vadik_dikiy,2.1M,1.3M,107K,685,3.6K
caocuongvu,caocuongvu,4M,2.3M,232.6K,720,403
upinipin.official,Upin & Ipin Official,11.1M,2.5M,127.7K,1K,848
susymourizz,Susy Mouriz🌷,9.2M,1.9M,161.2K,1.5K,423
jezzzini,JEZZINI,2.8M,862.4K,177.2K,913,2.8K
max_balegde,Max_Balegde,2.8M,1.1M,216.6K,1.3K,1.1K
coldcutz20,CHRIS COLDITZ,1.3M,4.9M,104K,451,658
charlyokei,Charlyokei,4.5M,1.9M,242.2K,665,562
joslum,José L,13.9M,1.6M,297.3K,795,385
ryanhdlombard,Ryan Lombard,9.5M,1.2M,245.9K,567,1.3K
bilalahy,Bilal,3.8M,897.2K,213.6K,1.2K,1.8K
erabii,Mohanaderabi,1.9M,1.2M,132.9K,1.5K,2K
recider,Recider,2M,1.1M,284.2K,712,1.1K
papa.groot,Mas Boy🐊,1.2M,4.3M,167.2K,663,112
joshrichards,Josh Richards,25.7M,1.9M,248K,778,403
camxnie,Cam & Nie,3.7M,1.5M,288.9K,649,634
juliano,juliano,10.9M,2.1M,199.1K,833,495
mayte421,May Te,155.2K,1.4M,100.9K,1.1K,2.8K
ayanakamachi,中町綾,1.5M,2.2M,163.5K,837,697
kaykai_ntch,Kaykai,8M,2.1M,254.1K,876,155
leleburnier,LELÊ BURNIER,2.6M,1.1M,236.9K,1.7K,472
anthonnyswagg3,anthonnyswagg,9.6M,2M,165.2K,587,1.1K
juicy_ankles,Juicy_ankles,2.4M,1.2M,268.7K,864,876
alpergold,alpergold,2.4M,1.1M,169K,2.4K,464
benjaminthebaker,Benjamin the baker,866.4K,1.4M,240.3K,502,1.1K
crisdevilgamer7,CrisDevilGamer,5.1M,2.4M,227.9K,820,155
birisdachapada_off,biris_off,2.3M,1.2M,170.3K,1.3K,1.3K
oli_natu,Oli Natu,10.6M,1.8M,236.8K,509,730
evgeniy_moskalev,Евгений Москалёв,872.3K,1.2M,56.4K,416,7.4K
gabrielabee,GABRIELA BEE,10M,854K,220.8K,1.9K,921
carlyncabel,carlyn ocampo,5.1M,2.4M,238.5K,752,169
drewafualo,Drew Afualo,7.8M,1.2M,215.6K,1.7K,434
brycehall,Bryce Hall,23M,2.3M,270.8K,456,406
kimkardashian,Kim Kardashian,5M,1.7M,144.3K,1.2K,936
fcbarcelona,fcbarcelona,21.1M,1.5M,200.4K,1K,688
igorjansen,igu,12.1M,1.5M,291.4K,722,466
ilizas,iliza,1.3M,1.2M,103.2K,354,3.8K
sommerray,Sommer Ray,12.2M,2.3M,216.8K,545,519
micaraht,micarahtewers,334.5K,1.5M,314.8K,407,690
cassholland,Cass Holland,2M,1.6M,270K,890,345
artbydemarcusshawn,DemarcusShawn,6.3M,978.5K,154.7K,1.8K,1.7K
mqquintos,Mikee Quintos,5M,3M,270.8K,431,202
nisriinejr,Nis,2M,1.5M,158.9K,1.7K,515
decorsnippets,Rue,954.7K,1.9M,118.6K,1K,1.2K
otakoyakisoba,otakoyakisoba,15.7M,1.8M,146.7K,577,1.4K
tariqjamilofcl,Tariq Jamil,2.5M,871.2K,116K,431,4.6K
wissensbert,wissensbert,2.3M,1.3M,183.1K,973,1.2K
shinohara_kenta,Animist☀️コマ撮り大道芸人,2.6M,1.4M,178.4K,769,1.3K
louka__m,Louka,2.7M,1.1M,190.1K,1.3K,1.1K
benoit_chevalier,Benoît Chevalier,10.1M,1.5M,133.9K,1.9K,637
justingrimes_,Justin Grimes,36K,1.3M,181.5K,1.1K,1.1K
laladulol,Lala du LoL,2.6M,1.2M,146K,843,2K
lilmabu,Lil Mabu,1.6M,1.4M,211.1K,1.3K,420
nickiminaj,Nicki Minaj,16.6M,1.3M,182.4K,1.8K,281
sankeuur,Sankeuur,1.5M,1.4M,226.7K,767,761
fresajapomex,Sonia Mayu,16.8M,2.8M,287.4K,358,265
ox_zung,원정맨 WonJeong,49.2M,2M,174.3K,1.1K,302
berkcoskunofficial,Berk Coşkun,3.5M,2.4M,83.6K,762,1.8K
jericktriana,Kathe🎤,3M,2.1M,118.3K,419,1.6K
shabiraalulaadnan,Shabiraalula&Ayah,7.7M,2.2M,178.6K,801,458
l_galy,L-GALY,1.4M,1.2M,145.4K,819,2K
gugafoods,Guga Foods,1.8M,1.9M,248.8K,548,493
fabstarden,Fabrício :),66K,692.8K,111.3K,2.9K,3.5K
lifeofadoctor,Life Of A Doctor,3.5M,1.3M,135.3K,1.5K,1.4K
jauncydev,Jonny,2.3M,921.5K,165.1K,763,2.4K
dixiedamelio,dixie,57.5M,3M,101.3K,1.3K,361
katiavlogss,KATIAVLOGS🐒,14.8M,2.7M,340.6K,385,142
soysaucer,fivar,1.4M,1.2M,150.6K,563,2.1K
secret_akk,angelka,958K,1.3M,164.9K,1.3K,989
0808sakura,🌸桜🌸,1.7M,1.1M,139.8K,2.1K,1K
ivanantoniochacon,Ivan,7.6M,1.1M,272.1K,950,635
nickandcarrie,Nick&Carrie,7.5M,1.7M,228.9K,503,728
juhmazzocco,Júlia Mazzocco,8.1M,1.7M,251.1K,434,719
tiktokmena,TikTok MENA,7.4M,10.8M,37K,548,643
vietphuongthoa98,Việt Phương Thoa,11.9M,2.2M,223.1K,726,265
ashkaashh,Ashaley 🦋,2.3M,1.5M,168.4K,843,1K
mariolcalderon,Mario Calderon,2.2M,483.2K,108.4K,3K,6.1K
adrianozendejas32,adrianozendejas32,2.8M,1.4M,156.3K,334,1.9K
ufozero2,Ufozero2,778.4K,1.4M,158.9K,282,1.8K
juanpazurita,Juanpa Zurita,13.3M,1.8M,240.8K,399,691
elqaq,Naji Elqaq,2.9M,1.8M,171.9K,773,749
bradley.thor,Thoren Bradley,6.4M,1.1M,121K,1.8K,1.7K
prokop_02,user64675106546,1.7M,2.3M,202K,587,420
ishtaher,Ismail Taher,4.2M,1.5M,270.8K,582,608
ongsquad,Ong Squad,8.6M,1.8M,143.1K,1.5K,348
aureliehermansyahatta,Aurelie Hermansyah,9.5M,1.7M,182.1K,667,836
regitamasri,Re🧚🏻‍♀️| IG : regitamsr,9.2M,2M,217.7K,899,197
jejenvalda,Jennifervalda🥬,3.9M,2.2M,240.7K,711,187
mimiermakeup,Mirta Miler,16.5M,1.8M,290.3K,615,274
jeremyhutchins,jeremy hutchins,10.3M,1.2M,166.7K,2.1K,211
maddybreteche,maddy,159.5K,1.6M,135.6K,1.3K,798
jakeceja,Jakeyboy,6.3M,1.9M,208.1K,734,436
willdevane,Will DeVane,1.4M,1.3M,111.5K,521,2.7K
danielarodrice,Daniela Rodrice,11.1M,1.7M,262.2K,562,475
soimah_pancawati,Soimah Pancawati,2.1M,1.2M,88.5K,1.9K,2.4K
areyoukiddingtv,AreYouKiddingTV,5.2M,2.5M,303.3K,388,220
doctormiguelpadilla,Doctor Miguel,6.4M,1M,181.3K,1.4K,1K
thejoeyswoll,Joey Swoll,5.7M,1.4M,175.4K,1.6K,366
leanadeeb,Leana Deeb,11.3M,1.7M,241.3K,700,410
drglaucomflecken,Dr. Glaucomflecken,2M,762.1K,110.1K,1.5K,3.9K
rayanfahmi,Rayoon,3.9M,2.3M,165K,623,571
fatmasariz,Fatma Sari Zar,1.7M,2.7M,203K,554,286
briandadeyanara,BRIANDA 💖,35M,1.7M,276.1K,649,311
paigetaylor.s,Paige Taylor,5M,1.6M,262.7K,851,220
hermanhadibasuki,Herman Hadi Basuki,2.9M,1.4M,66.8K,1.7K,3.1K
mackenzieziegler,Mackenzie Ziegler,22.3M,2.6M,210.6K,570,248
edakok59,EDA KÖK,4.5M,1.9M,104.6K,512,1.7K
ugolord,⚖️ The TikTok Attorney ⚖️,6.3M,1.4M,128.8K,2.3K,275
sibenitoo,SiBenitoo,6M,1.8M,137.4K,1.2K,607
ugolord,⚖️ The TikTok Attorney ⚖️,6.3M,1.4M,128.8K,2.3K,275
sibenitoo,SiBenitoo,6M,1.8M,137.4K,1.2K,607
raredoodle,rare doodle,2M,659.8K,142.2K,1.4K,3.3K
itsmenicksmithy2,Nick Smithyman 😎,13.6M,1.7M,179.2K,713,782
tonylopez,Tony Lopez,23.2M,1.5M,157.1K,1.5K,331
creatingwonders,Jesse J. Pedigo,12M,636.4K,84.1K,1.1K,7.1K
qpark,Q Park,34.2M,2.1M,124.9K,865,795
davidgetial,deivis,15.1M,1.7M,185.3K,1.2K,178
alexailacad_,Alexa Ilacad,2.1M,1.1M,155.4K,1.3K,1.2K
bessan_esmail,بيسان اسماعيل - Bessan Ismail,11.7M,1.8M,108K,1.4K,806
laactea,Stenio girardelli,1.4M,1M,177.7K,1.1K,1.4K
andyslife247,Andy’s Life,2M,1.9M,134.3K,1.1K,675
ceyda.kasabali,ceyda.kasabali,1.2M,2.1M,176.4K,424,738
taylorfrankiepaul,Taylor Paul,3.7M,3.6M,213K,403,159
tirullipa,Tirullipa,30M,1.9M,94.2K,1K,1.4K
ailaughatmyownjokes,"it&#39;s a me, Silvia :)",2.2M,849.2K,186.5K,842,1.9K
nisculas,nic,5.4M,1.9M,188.1K,907,288
xxlechuga,Daniel Lechuga,6.6M,1.2M,212K,1.3K,413
kikiandkilo,Kiki and Kilo,1.8M,762.3K,96.7K,724,5.1K
jerofreixas,jerofreixas,1.8M,1.1M,138.8K,809,2K
sherinicolee,sheri,14.3M,2.7M,281.2K,434,126
emirabdulgani,Emir Abdul Gani,22.7M,2.3M,230.2K,486,317
haimtheband,haimtheband,336.4K,1.3M,205.1K,820,774
goulamofficiel,Goulam,336.2K,717.6K,73.1K,2.4K,5.7K
juixxe,Jesús,3.2M,1.7M,227K,759,330
yass_ootd,Yass_ootd,779.9K,1.3M,221.2K,840,629
actressbecc,Becca Bastos,1.8M,1.1M,116.1K,560,2.7K
ashyizzle,Ashley,4.4M,1.8M,263.7K,542,347
jumpersjump,Jumpers Jump Podcast,8.1M,1.8M,208.5K,616,508
thaisslinares,Thais Nunes,1.4M,666.6K,160.6K,1.4K,2.6K
realrobyn,realrobyn,998.2K,766.6K,178.8K,1.7K,1.4K
sashaanddiana,Sasha and Diana,2M,1.7M,275.6K,780,117
lpshkaa,lpshkaa,2.5M,1.7M,155.9K,825,760
lee.cuong,Lee Cường,1.1M,2.5M,127.6K,856,459
ericdamier,ericdamier,1.3M,6.1M,72.8K,202,741
nandaarsyinta,Nanda Arsyinta,2.2M,1.8M,208.7K,717,428
piyanutella,kentang idaman🥴,5M,1.6M,215.6K,1.1K,143
nellarose,Nella Rose,515.4K,877.4K,215.9K,1.1K,1.1K
lasateuch,satine walle,951.2K,991.4K,218.1K,1.4K,527
muanglk,แม่เมือง 💛,4.1M,2.1M,228.5K,521,342
osmancengel,osmancengel,454.4K,2.5M,93.2K,443,1.3K
thekidke_,KEMANI,5.1M,770.5K,164.2K,803,2.5K
devincaherly,Devin Caherly,9M,2.1M,218.4K,727,191
thebentist,The Bentist / Orthodontist 🦷,12.8M,1.3M,242K,1.1K,214
ibarrechejavier,Javier Ibarreche,8.2M,1.3M,165.5K,1K,866
liiza.baez,Liza Baez,7.7M,1.1M,215.6K,1.2K,551
jacobwitzling,Jacob Witzling,1.1M,1.9M,114.4K,1.2K,690
gehadhassann,Gehad hassan👸🏻,7.9M,1.3M,149.2K,831,1.3K
aymanehamedi,Weld Mimoune,1.2M,2.1M,68.7K,587,2.3K
cx_.q,مصطفى البصراوي 62,3.7M,1.7M,121.4K,1.1K,826
thekidke_,KEMANI,5.1M,770.5K,164.2K,803,2.5K
devincaherly,Devin Caherly,9M,2.1M,218.4K,727,191
thebentist,The Bentist / Orthodontist 🦷,12.8M,1.3M,242K,1.1K,214
ibarrechejavier,Javier Ibarreche,8.2M,1.3M,165.5K,1K,866
liiza.baez,Liza Baez,7.7M,1.1M,215.6K,1.2K,551
jacobwitzling,Jacob Witzling,1.1M,1.9M,114.4K,1.2K,690
gehadhassann,Gehad hassan👸🏻,7.9M,1.3M,149.2K,831,1.3K
aymanehamedi,Weld Mimoune,1.2M,2.1M,68.7K,587,2.3K
cx_.q,مصطفى البصراوي 62,3.7M,1.7M,121.4K,1.1K,826
honeybobabear,honeybobabear,8.8M,2M,305.9K,551,109
lancealexander,Lance Alexander,1.3M,1.1M,180.1K,1.6K,455
jasminechiswell,Jasmine Chiswell,16.2M,2.3M,264.4K,551,106
ladydianka,LADY BUNNY🐰,9.2M,1.2M,144.7K,1.3K,899
shehabeldin100,Shehabeldin,7.1M,1.3M,147.4K,898,1.2K
ediqueixinho,Edivando Junior,4.3M,1.7M,185.2K,754,488
djaysonkaravane,Diego,1.2M,1.3M,133.5K,675,1.7K
antonyviews,Antonyviews✌🏼,10.7M,1.3M,220.5K,549,834
nekoglai,Николай,9.5M,1.2M,100.9K,2.6K,705
miakhalifa,Mia K.,36M,2.3M,145.3K,892,315
gabsmasr,✨gabs Masr✨,3.7M,2.2M,119.8K,1.1K,435
jayrscottyy,Jay,2.9M,968.2K,107.4K,741,3K
girlwithedogs,Girl With The Dogs,5.8M,707.4K,159.4K,1.1K,2.4K
cesarpantoja.n,Cesar Pantoja,14.5M,1.8M,247.7K,616,257
...anddy_,ANDDY 🐺🌙,1.3M,810.7K,99.3K,3.8K,1.1K
aldomirandar,Aldo Miranda,8.7M,1.5M,112.9K,341,2K
elysemyers,Elyse Myers,5.7M,1.1M,141.5K,1.6K,841
barstoolsports,Barstool Sports,20.7M,1.5M,162K,436,1.2K
yaraandomarr,Yara and Omar 💫,1.3M,3M,88.3K,767,708
oddanimalspecimens,Odd Animal Specimens,1.6M,2M,167.5K,720,424
dagelantv,Dagelan TV,147.9K,791.7K,64.1K,1.4K,6.1K
madeleinecwhite,Maddie White,3M,2.2M,316K,388,162
lehvideira,Lethicia Videira,8.3M,534.7K,55K,5.7K,7.3K
yosoyapple,YoSoyApple,835K,2M,128.5K,509,972
elledarlington,elle darlington,1.1M,1.2M,162K,885,1K
janinalchair,Janinalchair,20.4M,2.3M,278K,405,189
pluutao,Plutão,4.1M,1.2M,139.5K,2.1K,147
nazormaya,Maya Nazor,6M,2.6M,249.3K,473,111
jordy2d,jordy2d,3.3M,1.6M,196.7K,314,884
chedurena,Che Durena,7.5M,1.2M,102.4K,822,2.2K
missionaryjack,Jack Harlow,5.4M,915.9K,161.7K,1K,1.5K
emilymariko,Emily Mariko,12.2M,2.5M,199.9K,497,249
policiaperu,Policía Perú,456.7K,949.2K,99.3K,991,3K
mamene_lorenzo,LORENZO,1.5M,1.3M,169.4K,575,1.1K
kaliuchis,Kali Uchis,2.3M,843.8K,240.4K,1.3K,531
gustta_shoow,gustta shoow,3.6M,1.3M,169.1K,1.2K,443
songdoohee_444,ซอง ดูฮี (ช่องหลัก),4.4M,1.4M,182.1K,920,525
oafonsopadilha,Afonso Padilha,3.1M,1.1M,142.7K,562,1.8K
ybsbrodie,Brodie Moss,4.7M,2.3M,181.4K,706,176
rickylemon99,Ricky Limon,12.7M,1.8M,259.6K,415,371
z4_pucho,PUCHO,796.1K,984.5K,144.8K,1.2K,1.3K
notconor18new,NotConor18New,514K,628.3K,86.5K,3.4K,3.2K
cost_n_mayor,Cost n’ Mayor,5.2M,1.3M,201.2K,718,644
melmaia,Mel Maia 🍯,12.6M,1.7M,196.9K,635,429
snoopdogg,Snoop Dogg,24.5M,1.1M,148.4K,1.2K,955
viviindrawatyy,BTR Vivian,976.8K,1.7M,154.9K,968,352
georainbolt,georainbolt,1.4M,1.2M,124.9K,1.4K,966
astarbarbers,A Star Barbers,2.6M,1.7M,172.5K,726,475
jamal.jamael,Karim Jamal,2.8M,1.4M,135.5K,753,1.2K
_cjma,Chrystiane Jowy,9.2M,1.1M,201.7K,767,817
foilarmsandhog,Foil Arms & Hog,627.4K,1.3M,152.9K,523,1.2K
tctekk,tcTekk,966.1K,1.7M,118K,1.2K,532
inpersa16,Indah permatasari,2.2M,1.9M,134K,994,356
tuckerbudzyn,tuckerbudzyn,10.6M,959.7K,168.8K,293,1.9K
mamontellato,Marcela Montellato,5.3M,840.7K,198.2K,1K,1.1K
ismaellemais,Ismael Lemais,1M,1.1M,92.3K,948,2.5K
zeinabharake,Zeinab Harake,14.7M,1.8M,233.8K,474,353
lapizinncrack,Lapizin,308.7K,2.3M,183.3K,563,262
feliciatannnn,Felicia🐨,3.8M,1.6M,159.8K,1.2K,154
waguinhov,Waguinhov,6.1M,1.6M,153.6K,434,979
xibibrothers,Xibi Brothers,8.6M,1.7M,201.7K,354,655
anawoycick,Ana Woycick,12.8M,1.3M,121K,1.7K,619
moosenyc2,moose,643.4K,1.1M,143.2K,621,1.6K
davidvoinson,David Voinson,1M,726.2K,150.7K,679,2.5K
sabbyandsophia,Marie Twins🐵👭🏼,11.2M,1.3M,155.5K,1.4K,337
phamvinh99,Phạm Vinh,2.9M,1.9M,114.8K,1K,564
iniganta,Ganta 🐮,1.2M,909.3K,117K,2.1K,1.1K
carlosbelcastt,Belcast,2.3M,1.3M,170.5K,620,982
glutastory,Gluta Story,1.3M,1.2M,177K,665,1K
macdi_off,Macdi 〽️,769.9K,1.5M,125.4K,1.3K,507
simxmargo,Seamoan {870k},897.2K,1M,185.7K,1.1K,658
la.maraaa,LA MARA,7.7M,1.2M,214K,1.2K,122
padillamarilis,padillamarilis,552.5K,1.7M,87.8K,1.2K,1.1K
sebasc0423,Sebas Correa,7.5M,1M,183.6K,1.1K,727
katiessigmond,katie sigmond,6.9M,1.8M,207.5K,716,188
rafaellabd,Rafaella Dahlem,20.4K,455.7K,100.3K,840,6.5K
braxtonnncomerrr,Braxton Comer,3.3M,1.4M,228.9K,931,112
rg4_ticus,TICUS,702.1K,921K,114.5K,3K,172
pivet.workout,PIVET,4.9M,2.1M,150.5K,860,222
u.ueung,อุงเอิง 💖,1.2M,1.8M,156.5K,926,258
thongsoaicavip,Thông Soái Ca,1.7M,2.1M,93.5K,1.3K,382
bilal.hd91,Bilal Haddad | بلال الحدّاد,3M,1.1M,124.6K,1.7K,760
jannatmirza,J M 🥀,20.7M,1.3M,134.2K,1.5K,371
ssmaaaryy,Razi Monroe,9M,1.3M,165.5K,982,556
steveioe,Steveioe,11.1M,1.3M,150.5K,732,959
omahi.tiktok,OMAHI,15.2M,2M,301K,331,232
nathanmccarron0,Nathan’s Art,1.6M,1.1M,117.6K,1.4K,1.1K
lacha21.1,Lazaro Gonzalez,669.4K,750.3K,118.3K,655,3K
hyoga.x,Hyoga,552K,1M,121.9K,1.9K,727
rrqr7tatsumaki,Rivaldi Fataah,1.1M,2M,112.5K,1K,414
_catben_,Catherine Benson,10.9M,1.6M,212.5K,665,318
